Id;Nome;Latitude;Longitude
10489;"Seu Nega" trainning hill;-20,7636;-41,0708
9368;Afonso Claudio - Faz, Guandu;-20,2256;-41,097
9306;Alfredo Chaves;-20,6642;-40,7081
8885;Alfredo Chaves;-20,6715;-40,7804
10707;Alfredo Chaves;-20,3731;-40,3137
11241;Alto Chapéu;-20,5816;-41,2589
11075;Alto da serra;-20,7569;-41,5653
9224;Apeninos - Castelo;-20,5901;-41,1614
11994;Apeninos - Pouso;-20,6098;-41,1838
10778;Aricanga;-19,823;-40,3363
10905;BOM JESUS ITABAPOANA;-21,1017;-41,6578
12210;Baixo Guandu;-19,6303;-40,9686
12208;Baixo Guandu;-19,6308;-40,9678
9458;Baixo Guandu;-;-
11421;Baixo Guandú - West Takeoff;-19,6325;-40,958
11962;Bertolini;-;-
11937;Cachoeiro de Itapemirim;-20,7658;-41,0494
11548;Cachoeiro de Itapemirim;-20,7532;-41,063
11375;Canudau/Tuty;-20,7834;-41,0469
9687;Castelo - BR;-20,6943;-41,0862
9688;Castelo - BR;-20,6115;-41,0862
11435;Castelo - Torre;-20,6155;-41,2016
11159;Cliff Place;-21,1493;-40,8887
11681;Cliffs of 15;-19,3525;-40,1133
11059;Creek Beach;-20,7029;-40,5151
9676;Danilo Pionte;-19,7586;-40,6916
11235;Dores do Rio Preto ES;-20,7042;-41,8486
10768;Dunas de Itaunas;-18,4199;-39,7031
10841;ECOPORANGA;-18,3748;-40,8423
13405;ESPAÇO DO ENFERMEIRO VOADOR;-19,7859;-45,3065
11247;Falésia da Lagoa Jesuina - RB;-19,2241;-40,2008
10465;Goiapabacu;-19,9818;-40,4284
10454;Goiapabaçu;-19,9162;-40,4713
10126;Guarapari;-20,7198;-40,5224
11038;Jacete Cliff;-20,3277;-41,1762
9546;Jose Bridi;-19,8717;-40,8366
10826;KM 47;-18,7586;-40,2765
11665;Lime ramp;-20,9837;-41,2399
9204;Mantenópolis - Daniel Casaurang;-18,8786;-41,1269
9365;Maricará;-20,2695;-40,466
10258;Mestre Álvaro, Pedreira (nova carapina);-20,1616;-40,2835
9945;Mestre Álvaro, lado Pitanga;-20,1838;-40,2935
10094;Monjolo;-19,5749;-40,9767
9408;Morro das Antenas;-20,5968;-41,0917
9297;Morro do Moreno;-20,3254;-40,2766
11118;Morrote do Alvim;-20,3795;-41,2044
10706;Morrote do Japira;-19,4416;-40,3034
11430;Morrote sul Aracuí;-20,642;-41,2683
9346;Pancas;-;-
11047;Pancas;-19,2395;-40,8139
11031;Pedra Descolada;-20,8281;-41,1428
10277;Pedra Preta;-20,121;-40,3265
9547;Pedra da Concha;-20,4266;-40,3213
10899;Pedreira;-20,2815;-40,3226
10646;Pico dos Abelheiros ;-19,0254;-41,0704
10617;Piuma beach;-20,8529;-40,7495
12207;Próx, Vargem Alegre;-18,8482;-40,8474
10005;Ramp Anutiba;-20,6153;-41,4463
9720;Ramp High Palmital;-19,6693;-40,9616
11130;Ramp Ita;-18,5944;-40,8745
11680;Ramp coffee;-20,8646;-41,5741
10845;Rampa 05 Pontões;-19,7951;-40,9993
10433;Rampa 1 do São Francisco;-19,3136;-40,2926
11329;Rampa Alto Caparaó Itaguaçu;-19,723;-40,9712
10738;Rampa Alto Sobreiro/05 Pontões;-19,7694;-40,9532
10378;Rampa Anutiba Wolverine Gaivota;-20,6147;-41,4002
11234;Rampa Barra do Triunfo;-19,7243;-40,4757
10434;Rampa Lagoa Jesuína - NORTE;-19,2362;-40,1925
11111;Rampa Sul Pombal;-20,7358;-41,4593
9972;Rampa São Pedro Frio;-19,393;-40,7932
9928;Rampa da Lajinha;-19,2378;-40,8448
10500;Rampa da Serrinha;-20,3902;-41,4837
11182;Rampa da Urtiga;-20,2758;-40,4444
12296;Rampa de Bom Jesus do Norte- ES;-21,0726;-41,5035
12342;Rampa de Guaçuí-ES;-20,7752;-41,7042
11558;Rampa de Ibituba;-19,6583;-40,9858
10540;Rampa de Lajinha do Pancas - ES;-19,1712;-40,7735
9252;Rampa de Solidão;-20,7693;-40,7953
8859;Rampa de Ubá - Castelo;-20,6034;-41,0857
11180;Rampa do Artur;-20,3892;-40,4883
10577;Rampa do Café (Mantenópolis);-18,8725;-41,0211
10624;Rampa do Camilo Pansini - Alto São Vicente - ES;-20,647;-41,0894
10824;Rampa do Cinézio;-18,709;-40,9349
11011;Rampa do Dourado;-18,9811;-40,4334
10100;Rampa do Filetti - Venda Nova;-20,3489;-41,1113
9330;Rampa do Mirante - Cachoeiro de Itapemirim;-20,7418;-41,0604
10950;Rampa do Panorama;-19,341;-40,3656
11063;Rampa do Timirim - RB;-19,3005;-40,4164
11284;Rampa do Veinho;-18,9584;-40,3276
11276;Rampa do Veinho - Vila ValÃ©rio;-18,8961;-40,2866
12605;Rampa do veinho ;-18,9104;-40,307
11484;Rampa dos Plantikow;-19,7362;-40,9974
10951;Rampa norte cachoeiro/ pedra descolada;-20,8895;-41,1481
10427;Rancho Pedra Negra;-20,2363;-40,4695
9335;Santa Teresa - Rampa Joao Fernandes;-19,9063;-40,6533
9354;Secret;-20,319;-40,5011
10869;Serra - Falesia de Nova Almeida;-20,0677;-40,1806
10575;Sitio Felix;-19,9966;-40,3855
11749;Stone at Saint John of the Garrafão;-20,1682;-40,9282
9171;São Diogo - Timbuí;-20,0376;-40,4727
9759;São Pedro Frio;-19,3808;-40,8032
9858;Taquaral - Castelo;-20,6337;-41,145
11917;Timbui;-20,0467;-40,4592
11144;Torre de Gironda;-20,7198;-41,0862
9499;Três Pontões;-20,0749;-41,0364
10573;Vargem Alegre;-18,8384;-40,88
11193;Vargem Fria ;-20,5797;-41,1342
11973;Viana;-20,3191;-40,4905
9203;Vila Valerio;-18,9958;-40,2664
12209;Vila Valério;-18,9014;-40,2956
12211;Vila Valério;-18,9017;-40,2953
8590;Vitoria;-20,3167;-40,35
10316;Vitória ES;-20,249;-40,2799
10914;Vulture hill;-20,3661;-40,4573
11178;West Monjolos Ramp;-19,6382;-40,9969
10157;alto liberdade em marilandia;-19,3629;-40,5522
12897;antena de uba;-20,605;-41,0636
10266;lagoa de linhares;-19,3145;-40,1208
12899;morro alto formoso;-20,7327;-41,0583
12900;morro antena uba;-20,6363;-41,0129
12896;morro das antenas;-20,5733;-41,0712
10267;morrote de colatina;-19,4982;-40,6236
12895;pier na ventaca;-21,0055;-40,8061
11356;rampa caravagio;-19,9013;-40,6423
10120;são marcos;-19,4568;-40,553
11058; ALPES;-21,8906;-42,9459
9260; São João Nepomuceno;-21,5491;-42,9922
9493;AERO CLUBE DE GUAXUPE-MG;-21,3264;-46,7241
10975;Aerodromo de Muriaé;-21,1259;-42,3952
11125;Aeropasto;-22,4891;-45,9847
12024;Aeropasto 1;-20,7169;-44,8151
9832;Aeroporto Carlos Prates;-19,9076;-43,9855
10940;Airport of Divinópolis;-20,1766;-44,8736
10857;Airport of São João Nepomuceno;-21,5415;-43,0161
10939;Airport of Zona da Mata;-21,5068;-43,1637
11530;Albertina - NE;-22,2104;-46,6281
9929;Alto Caparaó;-20,4815;-41,8581
10442;Antenas de Cláudio;-20,4599;-44,7483
8967;Araguari;-18,4373;-48,4351
8912;Araguari;-18,514;-48,561
9022;Araguari;-18,6667;-48,1895
11097;Ararapira;-18,4914;-48,2483
9790;Araxa;-19,6994;-46,855
10353;Araxa - Horizonte Perdido;-19,8168;-46,958
8998;Araxá;-19,5939;-46,9395
9457;Araxá;-19,7168;-46,9228
9421;Araxá;-19,7212;-46,9417
8839;Araxá;-19,7084;-46,8487
8992;Araxá;-19,7043;-46,8632
9017;Araxá;-19,9245;-47,1904
9033;Araxá - Fazenda;-19,7178;-46,8439
11355;ArthurRO ;-21,0893;-42,5101
8854;Astolfo Dutra;-21,3221;-42,888
11220;BOA SORTE;-16,9534;-44,1848
9053;BOCAIÚVA/MG-Sentinela;-17,1024;-44,0232
9258;BR040;-21,8131;-43,3909
8979;BUGRE;-19,3755;-42,2802
11239;Baependi Macieis;-21,9676;-44,8213
10909;Baependi North;-21,973;-44,8856
9708;Baiano Takeoff;-21,7904;-46,5789
11114;Beautiful Stone;-20,5619;-42,3866
11831;Bela Vista Airport;-22,1504;-45,7652
9853;Belizario (Muriae MG);-20,949;-42,4211
5322;Belo Horizonte;-19,9167;-43,9333
9062;Belo Horizonte - Moedinha;-20,1519;-44,3978
9725;Belo Horizonte - Serra da Moeda;-20,2107;-44,0042
9643;Belo Horizonte - Serra da Moeda;-20,2319;-43,9736
9665;Bicas;-21,7087;-43,0852
9666;Bicas;-21,6988;-43,1174
9664;Bicas;-21,7032;-43,0732
9900;Big Stone;-22,3216;-45,4483
10377;Blot plateau´s ramp;-20,0922;-43,4357
9732;Boa Esperança;-20,9848;-45,6231
9190;Boa vista  Ipuiuna;-22,1296;-46,1877
9737;Bocaina de Minas;-22,1797;-44,5122
11420;Bocaina de Minas - Rampa 320m;-22,1213;-44,4248
9994;Bom Jardim de Minas;-21,8641;-44,0968
5451;Brasilia de Minas;-16,2119;-44,4308
11259;Brasopolis - Mirante Vo Cotinha;-22,4824;-45,6083
11303;Brejaubinha;-18,7936;-42,3019
9954;Bufalos Araxá;-19,7721;-46,8734
11316;Bugio waterfall;-22,0418;-44,8117
10029;CAMBUÍ;-22,6234;-46,0603
11660;CAP Eneas;-16,7066;-43,8664
9309;CAP,ENÉAS/MG-Morro São João;-16,375;-43,6855
8837;CBJ - Rampa Romeu;-22,6552;-45,9808
9743;CBJ - Rampa do Romeu;-22,6357;-45,9714
9479;CBJ - Rampa do Romeu;-22,6396;-46,0035
9803;CBJ - Recoco - SE;-22,6057;-45,9538
10360;CBJ - Recoco - SE;-22,4318;-45,9478
11105;CHEESE;-21,686;-45,2573
10881;Cabeça de Boi - Itambé - Minas Gerais (BR);-19,4393;-43,401
9090;Cachoeira Alta - Ipoema ;-19,5761;-43,4919
11999;Cachoeira Casca Danta;-20,314;-46,5337
10409;Cachoeira do Coelho;-21,848;-43,7466
9926;Caeté Takeoff;-21,7864;-43,2807
10666;Caiana - Rampa Sul;-20,7393;-41,9537
9202;Caldas - Pedra Branca;-21,9331;-46,3915
9197;Caldas - Pedra Branca;-21,9474;-46,4549
11523;Cambuquira;-21,9052;-45,2878
11294;Cambuquira;-21,8873;-45,3041
9047;Cambuquira;-21,9298;-45,311
8840;Cambuquira;-21,9139;-45,3018
9801;Cambuquira - BR [~1,1];-21,9165;-45,3124
9380;Cambuquira - Piri-Pau;-22,0732;-45,2403
9288;Cambuí;-22,589;-45,9888
11860;Campo Prefeitura de Itajubá MG;-22,4056;-45,4334
11959;Canastra - São João Batista do Glória;-20,5461;-46,4042
9391;Carmo Do Rio Claro - Morro das Tormentas;-20,9723;-46,1376
9026;Carmo Do Rio Claro - Morro das Tormentas;-20,9861;-46,1116
9389;Carmo do Rio Claro;-20,5395;-43,8774
10194;Carrancas;-21,4642;-44,6618
9763;Carrancas;-21,4462;-44,667
10859;Castilha Take off;-21,3359;-42,4295
10894;Chico do Parque - Pouso Alegre ;-22,2969;-45,9843
11238;Colonia Baependi;-22,0406;-44,8938
11398;Conceição dos Ouros;-22,385;-45,7974
9805;Conceição dos Ouros - MG;-22,3387;-45,7915
9172;Conceição dos Ouros - Maria Mijona;-22,395;-45,7747
9470;Congonhal;-22,1241;-46,0322
10482;Congonhal;-22,1684;-46,0036
10623;Contestado;-18,7353;-41,3952
11854;Coqueirinho SE-SK;-22,4606;-46,0596
9800;Crist;-22,2218;-45,9827
9747;Cristo ;-21,7585;-43,3606
9535;Cruzeiro de Almenara;-16,2;-40,6744
11348;DIGIFLY DESLIGOU EM VOO;-18,9518;-41,7567
11862;Decolagem da travessia;-22,1009;-44,7314
9836;Decolagem de Machados ;-21,673;-43,1359
9140;Descuberto - São João Nepomuceno;-21,4002;-42,969
11715;Edson fly;-20,9293;-43,7666
10634;Escolinha;-16,8505;-43,5901
9328;Eucalíptos;-22,6474;-45,9914
9135;Extrema Morro dos Cabritos;-22,8637;-46,2997
11890;Fazenda Seiva;-21,9624;-44,9052
11918;Fim da picada;-22,0431;-44,6941
10535;Fié;-20,2155;-42,2216
11022;Flight of the Cruzeiro;-18,2642;-47,0943
11115;Florestal - MG;-19,8825;-44,4212
9191;Formiga - Morro da Melancia;-20,5006;-45,3682
11256;Gap Ptc;-18,8768;-46,9986
9289;Governador Valadares;-18,8747;-41,9149
10959;Governador Valadares - Pico do Ibituruna;-18,9715;-41,9698
9466;Governador Valadares - Pico do Ibituruna;-18,8471;-41,9558
11282;Governador Valadares - Pico do Ibituruna;-18,9272;-41,9277
9851;Governador Valadares - Pico do Ibituruna;-18,8935;-41,9225
9702;Governador Valadares - Pico do Ibituruna;-18,901;-41,9526
9697;Governador Valadares - Pico do Ibituruna;-18,8702;-41,8896
9278;Governador Valadares - Pico do Ibituruna;-18,8582;-41,9411
9701;Governador Valadares - Pico do Ibituruna;-19,0345;-42,0849
9698;Governador Valadares - Pico do Ibituruna;-18,9407;-41,8643
11376;Governador Valadares - Pico do Ibituruna;-18,895;-41,9071
10598;Governador Valadares - Pico do Ibituruna;-18,8718;-41,9683
10122;Grotão;-20,3733;-47,048
11382;Grotão ;-20,3583;-47,0353
10537;Grotão - Capitólio;-20,621;-46,1573
8842;Guapé;-20,8571;-45,8621
8926;Guarda Mor;-17,7636;-47,1373
11497;Guarda mor;-17,7522;-47,1382
8908;Guarda-Mor;-17,7641;-47,1366
9124;Guidoval;-21,1741;-43,0251
9123;Guidoval;-21,203;-42,7561
9489;Guidoval - Rampa do Biombo;-21,1954;-42,7617
11296;Heringer;-20,3011;-42,0062
10620;IBITURUNA;-19,3179;-42,0657
9520;Ibitipoca;-21,7332;-43,9182
10851;Ibitipoca;-21,5658;-43,8683
9291;Ibitiura de Minas;-22,0429;-46,4367
9627;Ibitiura de Minas - Tres Pedras;-22,0858;-46,3932
9621;Ibitiura de Minas Igrejinha;-22,0498;-46,4166
10211;Ibituruna;-19,0957;-42,0258
9488;Ibituruna;-18,958;-41,9385
9657;Ibituruna;-19,017;-41,9941
11109;Ibiá ;-19,4895;-46,5853
8995;Ilicínea;-20,8946;-45,7878
10580;Inconfidentes MG;-22,336;-46,3241
11070;Indaiá;-17,8471;-41,5217
10986;Indias Take Off;-19,7371;-42,837
10400;Ipuiuna/MG Rampa da Cacilda;-22,0978;-46,2393
8958;Itabira;-19,6111;-43,1491
10829;Itabira;-20,061;-43,9824
9840;Itabirito;-20,1002;-43,8533
9839;Itaguara;-20,372;-44,4724
11531;Itambacuri ;-18,0601;-41,6955
8871;Itamonte;-22,3729;-44,8177
9008;Itamonte - Rampa do Cipó;-22,3626;-44,8438
9183;Itapecerica - Rampa Sul;-20,4814;-45,1156
11071;Itapeva-MG;-22,7131;-46,2429
10660;Jacutinga-MG;-22,2304;-46,5969
8947;João Monlevade;-19,8354;-43,1636
11951;Juiz de Fora;-21,6894;-43,3526
9210;Kórggo;-22,6296;-45,9814
9257;Laçador -Juiz de Fora;-21,8289;-43,366
9876;Leopoldina;-21,553;-42,659
9329;Leopoldina;-21,544;-42,655
8848;Leopoldina;-21,5504;-42,6439
9350;Leopoldina;-21,506;-42,599
11673;Leopoldina;-21,5695;-42,6788
9993;Leopoldina;-21,5936;-42,6704
10632;Little Church;-21,0732;-45,554
9661;Little Church;-21,0003;-45,6149
11867;MOC;-16,5432;-43,9113
9248;MONTES CLAROS/MG-Papai;-16,4001;-43,7996
9760;MONTES CLAROS/MG-Papai;-16,305;-43,8586
9247;MONTES CLAROS/MG-Pedreira;-16,7178;-43,8962
10800;MORRO DO SELADO;-21,9879;-45,3181
9443;Mantena;-18,785;-41,0127
10362;Maria Mijona;-22,4083;-45,8955
8997;Mariana;-20,3999;-43,3891
10109;Mateus Leme - Serra do Elefante;-19,9574;-44,4229
11517;Matipó-MG;-20,2799;-42,366
11712;Mazinho Launch;-21,0232;-43,6324
10729;Medeiros;-19,9588;-46,2037
9255;Microondas;-21,6523;-43,3406
9610;Mirante da Vó Cotinha;-22,5185;-45,5981
11941;Mirante vó Cotinha;-22,5404;-45,4811
8873;Moedao BH;-20,1955;-43,9791
10497;Moedinha;-20,2062;-44,0631
9490;Moedinha;-20,193;-44,022
8872;Moedinha BH;-20,1954;-43,9789
9877;Moedão-Topo do mundo;-20,2067;-43,9905
11264;Monte Castelo;-20,4915;-41,8532
11702;Monte Sião Morro do Macaco;-22,3949;-46,5612
9757;Monte verde;-22,8844;-46,0414
9742;Montes Claros - Codorna;-16,8225;-43,8614
11448;Moreira;-22,0053;-44,864
8950;Morrinho "N";-20,2285;-43,9347
9899;Morrinho da escolinha;-22,5397;-45,7696
9569;Morrinho do Lei;-20,7568;-45,8639
10439;Morro da Antena;-20,4759;-45,4484
10979;Morro da Laje;-20,3137;-47,1367
10449;Morro da Torre;-18,7866;-42,9238
11836;Morro da bela vista - Nepomuceno;-21,1287;-45,3603
11036;Morro das Lavadeiras ;-19,4954;-42,5801
8920;Morro das Tormentas;-20,9902;-46,1024
9467;Morro das Torres Salinas;-16,1616;-42,2642
11614;Morro de Caxambu;-21,9801;-44,9402
9294;Morro de Santa Luzia;-20,4626;-45,4071
10576;Morro do Báu;-20,8967;-46,9569
10961;Morro do Cavalo;-20,4087;-47,2281
10551;Morro do Chapéu - Escarpas do Lago;-20,6576;-46,0302
10332;Morro do Cinturão Verde;-21,7234;-45,2215
11454;Morro do Cruzeiro;-21,7524;-45,2372
9362;Morro do Cruzeiro-Pimenta;-20,5441;-45,901
11738;Morro do Inhambu;-20,4034;-45,1403
9186;Morro do Salto (Pico do Ézio);-22,8176;-46,2499
9966;Morro do papai;-16,4064;-43,7473
11974;Morrote (Guarará);-21,7341;-43,0328
12033;PEDRA AGUDA;-22,4761;-45,4464
9586;PEDRA ITAÚNA;-19,7931;-42,1245
10006;PESQUEIRO DO PAÇOQUINHA;-22,1467;-46,0008
11283;PICO DO IBITURUNA;-19,0479;-42,0102
9432;PIRACAIBA RAMPA NORTE;-18,4473;-48,4201
11138;Palmital ;-18,6194;-41,42
11332;Paredão da Mata  ;-20,5102;-46,9906
10689;Parque do Sagui;-20,3546;-42,0153
12000;Parque municipal D, Ziza Pains MG;-20,3768;-45,6602
9922;Passa Quatro;-22,4088;-44,9331
11092;Pastor José Debossan;-20,6694;-42,1756
9865;Patos de Minas - PM Rodoviaria;-18,574;-46,4399
10158;Patrocinio-MG;-18,8372;-46,9967
11770;Patrocínio;-18,9268;-47,0062
10359;Patrocínio - MG;-18,9102;-47,0028
10983;Patrocínio -mg;-18,9476;-47,0081
9859;Pedra Bela Vista;-22,3755;-46,4768
10374;Pedra Grande;-20,1157;-44,3524
9671;Pedra Preta;-22,2516;-45,2471
9712;Pedra da Baleia;-17,8202;-41,0026
11100;Pedra da Lajinha;-17,9968;-41,5644
9461;Pedra do Calhau;-20,2712;-44,724
12026;Penha Longa;-22,0332;-43,083
10860;Pico Campo do Muro;-22,4195;-44,9156
11518;Pico da Cascavel;-22,7547;-46,2851
11519;Pico da Cascavel;-22,7796;-46,2157
11861;Pico da antena Olegário Maciel- MG;-22,3279;-45,5829
9915;Pico das Águias;-19,1827;-41,842
9914;Pico das Águias;-19,1825;-41,8424
9429;Pico de Ibituruna;-18,9059;-41,9191
9428;Pico de Ibituruna;-18,8757;-41,9269
9856;Pico de Ibituruna;-18,9433;-41,9428
8968;Pico do Gaviao;-22,0208;-46,6172
9513;Pico do Gaviao;-22,0697;-46,443
9014;Pico do Gaviao;-22,3324;-46,6279
9663;Pico do Gaviao;-22,0249;-46,626
8898;Pico do Gaviao;-22,0213;-46,6363
9440;Pico do Gaviao;-22,0378;-46,6094
9642;Pico do Gaviao;-22,0512;-46,5968
9337;Pico do Gaviao;-22,0402;-46,6329
10722;Pico do Gaviao;-22,0581;-46,6216
9491;Pico do Gaviao;-22,0369;-46,5994
8828;Pico do Gaviao;-22,0158;-46,6272
9177;Pico do Gaviao;-22,052;-46,645
11551;Pico do Gaviao - BR;-22,0617;-46,6524
8832;Pico do Ibituruna;-18,9016;-41,9346
8833;Pico do Ibituruna;-18,8864;-41,915
11457;Pico do Lobo Guara;-22,8247;-46,2559
9952;Pico do Piripau-Cambuquira;-21,8722;-45,3161
10625;Pico do Pontão;-21,077;-42,6293
11574;Pico do papagaio;-22,0389;-44,6496
9342;Pimenta;-20,5677;-45,876
8951;Pimenta - Furnas;-20,5837;-45,9042
9239;Pimenta - Rampa Leste;-20,5553;-45,8865
11363;Pimenta -Serra do Chapadao;-20,5364;-45,833
11553;Pinhão - MAR;-20,8645;-42,2227
9506;Piracaíba;-18,4361;-48,4459
9693;Pirangusu/MG;-22,5616;-45,4791
10220;Pirangusu/MG;-22,4773;-45,497
10144;Pirangusu/MG;-22,5391;-45,4971
9378;Plínio;-22,6646;-45,9827
10188;Pocos de Caldas;-21,8426;-46,672
11281;Pocos de Caldas;-21,763;-46,57
11691;Pocos de Caldas;-21,751;-46,558
9960;Pocos de Caldas;-21,729;-46,5925
10949;Ponte Alta de Minas;-20,7155;-42,2098
9889;Portal da Lua;-20,4505;-41,8764
9310;Pousada Rural;-22,1135;-46,1333
8834;Poços de Caldas;-21,7706;-46,5753
8949;Poços de Caldas;-21,7996;-46,5956
9752;Poços de Caldas;-21,7442;-46,5677
9233;Poços de Caldas -  South;-21,778;-46,5825
10815;Pé do Morro - P4 MG;-22,3237;-44,9346
11898;R,Nilson Werner - Alto Jequitibá;-20,4681;-41,938
11088;RAMPA CAPITOLIO;-20,6287;-46,0966
11364;RAMPA CAPUTIRA GIL E FIÉ;-20,2159;-42,2441
11174;RAMPA DA PEDRA BRANCA;-22,1737;-45,4276
10947;RAMPA DA SERRA DO CIPO;-19,1454;-43,5126
9791;RAMPA PIRAPANEMA;-21,0926;-42,5009
11639;RAMPA SUL PICO MACHADAO;-22,5874;-45,8147
10735;RICO BRITTO MONTES CLAROS;-16,5511;-43,7968
10514;RODRIGO;-22,017;-45,1739
10601;Ramoa Manhuaçu;-20,2875;-42,0696
10106;Ramp Carmo;-17,4334;-44,5609
11373;Ramp Vertentes in Carandaí MG;-20,9474;-43,7204
11358;Ramp of Hope;-19,5089;-42,0748
9261;Rampa Amazonia;-21,7528;-43,3996
11202;Rampa Desterro do Mello;-21,1717;-43,5557
11704;Rampa Dom Viçoso;-22,2662;-45,1609
9804;Rampa E/SE Carrancas;-21,4921;-44,5787
11911;Rampa Galo Preto;-19,4942;-43,4403
10335;Rampa Ipanema Raul Fonseca;-19,7491;-41,7348
9784;Rampa Norte de Carrancas;-21,4468;-44,6521
10730;Rampa Nova Sarandira;-21,84;-43,2407
8836;Rampa Oeste;-22,6013;-45,988
10212;Rampa Portal da Lua;-20,525;-41,8972
9765;Rampa Proibida-Cambuí;-22,6315;-46,1244
11720;Rampa Recanto do Vale;-21,6287;-43,2173
9894;Rampa SE Carrancas-MG Serra das Bicas;-21,479;-44,5689
12050;Rampa Sul - Astolfo Dutra;-21,3209;-42,8784
10871;Rampa Sul Itapecerica;-20,5042;-45,1383
11453;Rampa Sul Piranguinho;-22,416;-45,5316
10070;Rampa Sul-Paraisópolis;-22,5276;-45,7866
11209;Rampa São Caetano;-21,0327;-44,1965
11698;Rampa São Lourenço;-22,0776;-45,0738
11140;Rampa Vale do Japão ;-21,3056;-43,5451
10525;Rampa Vale do Sol ;-21,6376;-45,4967
12099;Rampa Xambura;-20,6572;-46,5316
10556;Rampa Xambura;-20,565;-46,4143
10198;Rampa cuparaque (gledson );-18,9661;-41,0748
9917;Rampa da Bela;-19,3375;-41,5538
11367;Rampa da Cemig;-19,944;-44,4339
11195;Rampa da Mucambo;-19,2754;-44,8737
10734;Rampa da Placa Manhuaçu;-20,252;-42,0426
10584;Rampa da Trindade;-18,7351;-41,4595
10415;Rampa da Usina-Ervalia;-20,9118;-42,655
11892;Rampa das antenas (serra do lenheiro);-21,1541;-44,2994
9675;Rampa de Boa Esperança;-21,1909;-45,5493
11045;Rampa de Candidópolis;-19,7197;-43,2161
10917;Rampa de Dionisio;-19,8624;-42,8379
10476;Rampa de Espera Feliz;-20,6675;-41,8946
11221;Rampa de Imbiruçu;-20,1731;-41,4175
11390;Rampa de Itambacuri- MG;-18,0306;-41,682
9612;Rampa de Lavras Minas Gerais;-21,3236;-45,0071
9637;Rampa de Lavras Minas Gerais;-21,2267;-44,9899
9259;Rampa de Rochedo de Minas;-21,6597;-42,9924
9280;Rampa de Tuiutinga;-21,0932;-42,7285
10275;Rampa de Tuiutinga;-21,066;-42,7094
10794;Rampa do Areado - Lajinha MG;-20,1954;-41,6538
9965;Rampa do Carrapato;-22,289;-45,4304
10057;Rampa do Container - S,J,da Mata;-21,9359;-45,9502
10450;Rampa do Cristo;-22,2171;-45,9633
9719;Rampa do Cruzeiro;-20,6945;-45,9161
10896;Rampa do Cruzeiro;-22,6085;-45,6246
11419;Rampa do Cruzeiro - Pimenta MG;-20,5562;-45,8702
11960;Rampa do Danda Itamonte mg;-22,2707;-44,9027
10069;Rampa do Expominas;-21,8081;-43,4452
9579;Rampa do Gaucho;-21,0319;-42,9912
11123;Rampa do Guru;-20,0687;-45,0461
11265;Rampa do Guru;-20,1475;-44,9338
10419;Rampa do Inóspito;-22,3724;-45,7983
11377;Rampa do Jhon;-20,1355;-45,0182
11672;Rampa do Marco Tulio;-22,0022;-44,6538
10136;Rampa do Megalito;-22,6078;-46,3818
9468;Rampa do Meio;-20,4506;-45,2947
11613;Rampa do Retiro Imbiruçu;-20,1688;-41,394
11217;Rampa do Romeu;-22,6624;-46,0187
10279;Rampa do Saguí;-20,3766;-42,0248
9746;Rampa do São Domingos do Prata ;-19,827;-42,9423
11600;Rampa do TANA;-19,9098;-41,4726
11744;Rampa do titio;-22,3551;-44,889
10792;Rampa dos Tavares - Alto Jequitibá MG;-20,4451;-41,9224
10416;Rampa leste morro das antenas ;-21,5423;-42,9627
11478;Rampa norte;-21,746;-46,5484
12022;Rapa Pedra Areada;-22,1825;-45,4389
8980;Raul Soares -  BOACHÁ;-20,0614;-42,3921
10534;Região do Manhuaçu;-20,2703;-42,2132
9935;Renovação;-16,7828;-43,9075
9516;Retiro ;-21,7815;-43,3058
10906;Ribeirão Vermelho;-21,178;-45,0546
9823;SAO DOMINGOS - CONGONHAL ;-22,1269;-46,0421
8845;SAO LOURENCO;-22,0994;-45,0664
10035;SERRA ;-19,35;-42,568
10197;SERRA DA CORUJA;-16,5341;-41,5294
10375;Salinas - Morro das Torres - Rampa do Ralador;-16,1343;-42,2706
11009;Samuka 112;-19,5383;-42,3477
8977;Santa Rita;-22,1817;-45,7429
9962;Santa Rita do Sapucai;-22,2836;-45,727
8921;Santa Rita do Sapucai;-22,1956;-45,7513
11389;Santa Rita do Sapucai;-22,164;-45,7419
10361;Santa Rita do Sapucai;-22,3557;-45,9172
9385;Santa Rita do Sapucai;-22,2194;-45,745
9507;Santa Rita do Sapucai;-22,2199;-45,7117
10401;Santa Rita do Sapucai;-22,1899;-45,7789
9948;Santa Rita do Sapucai;-22,2481;-45,7548
9981;Santa Rita do Sapucai;-22,2646;-45,8157
9331;Santa Rita do Sapucaí;-22,6048;-46,0655
9774;Santa Rita do Sapucaí;-22,2116;-45,7612
11272;Santa Rita do Sapucaí;-22,2663;-45,7496
9819;Santa Rita do Sapucaí;-22,2045;-45,7444
9359;Santa Rita do Sapucaí;-22,1941;-45,7306
11705;Santa rita;-22,2547;-45,8298
11099;Santaninha;-17,7651;-41,3211
11405;Santaninha 2;-17,8004;-41,315
8915;Sao Lourenco - Fazenda Santa Helena;-22,0941;-45,0752
9341;Sao Lourenco - Fazenda Santa Helena;-22,1008;-45,0817
10150;Sao Lourenco - Fazenda Santa Helena;-22,1168;-45,0915
11556;Sebastiao Tavares, Bell Rock;-20,8935;-43,8822
9439;Senador José Bento MG;-22,2025;-46,1583
10291;Senhora do Porto-MG;-18,9009;-43,0874
8928;Sera de Pimenta;-20,5753;-45,8698
12005;Serra Da Paula;-21,9714;-44,7846
11732;Serra Maria;-21,9875;-44,7567
10501;Serra Negra;-22,2272;-45,139
10755;Serra Posto do Sol;-20,9899;-46,9948
11230;Serra São José;-21,0583;-44,1155
11687;Serra da Careta - Baependi - MG;-22,1124;-44,7837
10635;Serra da Fortaleza - Rampa do Andarilho;-20,8909;-46,7524
10286;Serra da Moeda;-20,1904;-43,9989
11735;Serra da Paula;-21,9785;-44,7751
11851;Serra da Ventania;-19,662;-47,0412
10037;Serra da Viuva;-19,3789;-42,5801
12613;Serra da Viuva ;-19,3498;-42,5483
8927;Serra de Itapecerica;-20,4347;-45,1287
11325;Serra do Bandeira;-22,0629;-44,882
10083;Serra do Cabral/Joaquim Felício-MG;-17,7513;-44,1875
9980;Serra do Cristo;-22,213;-45,9259
10075;Serra do Cristo - Campos Gerais;-21,2061;-45,7437
10877;Serra do Gambá;-20,5846;-44,0738
11845;Serra do Lenheiro( rampa do Vitinho);-21,1423;-44,2929
10138;Serra do Piripau;-21,935;-45,2652
9530;Serra do Piripau;-21,9634;-45,2305
11422;Serra do Piripau;-21,9017;-45,2475
11199;Serra do Salitre;-19,0704;-46,6719
9602;Serra do Segredo;-20,7442;-44,4503
10518;Serra do Trov;-20,4646;-43,5299
10839;Serra velha ( Caputira);-20,1948;-42,2528
9854;Serrania;-21,5749;-46,014
8990;Serrinha do Arraial - Serra da Canastra;-20,0884;-46,5917
9933;Serrote "doctors t,o,";-22,5654;-46,424
10345;Sertãozinho - Serra das Pombas;-22,3479;-46,0729
9500;Sete Lagoas - Serra de Santa Helena;-19,4447;-44,2682
11261;Sierra Sta Barbara Tugurio rod, MG 448 ;-21,2683;-43,6079
11488;Skysetes take off;-19,4398;-44,277
8914;Soares;-20,2097;-43,9807
11621;Sobralias ramp;-19,2334;-42,0906
11521;Socorro Pico da Cascavel;-22,7665;-46,188
9585;South;-21,7328;-46,4899
11394;South Little Church;-20,9993;-45,6256
11846;Stone House;-21,0877;-44,1903
11658;São Gonçalo do Sapucaí mountain;-21,8682;-45,6098
8909;São José do Divino;-18,5268;-41,3987
10396;São João da Mata - Pico da Divisa;-21,9175;-45,9486
9216;São Sebastião da Bela Vista;-22,1959;-45,7406
11304;Tabuleiro;-18,7988;-42,3103
10736;Take off of Lacinho;-22,4955;-46,184
9775;Take-off Véio;-22,4092;-45,8356
10835;Takeoff ;-20,7084;-42,054
11245;Tales oferecer mujano;-22,507;-45,7179
11776;Test;-20,5811;-43,902
11371;Toca do urubu;-21,9825;-44,8856
11403;Tocantins / Serra dos Pires;-21,1222;-43,0538
11939;Torre Bueno Brandão;-22,423;-46,2428
8941;Traíras;-17,5107;-47,0263
8913;Tupaciguara;-18,4733;-48,5135
8853;UBA;-21,0218;-42,9932
11003;UBA;-20,1591;-44,2186
9166;Uberaba - Samuka;-19,847;-47,6558
9568;Unaí Ramp;-16,372;-46,8793
9374;V,PALMA/MG-Perdizes;-17,6928;-44,5544
9358;V,PALMA/MG-Perdizes;-17,6858;-44,5418
9594;V,PALMA/MG-Piedade;-17,6927;-44,6095
12001;Vargem Grande Formiga MG;-20,4842;-45,4423
11385;Victory`s ramp;-18,0163;-41,6887
9963;Virgínia;-22,3576;-45,0821
11055;WHITE HILL;-20,3857;-46,575
11958;Xamburá 1;-20,5134;-46,4442
10127;bico da pedra-Janauba-MG;-15,8089;-43,2481
10159;c,eneas/morro do s,joao;-16,4076;-43,711
11837;cordeiro;-19,5679;-42,3588
10047;cristo de pouso alegre;-22,2563;-45,9312
12045;falesia de tiradentes ;-21,087;-44,1667
11286;feix launch;-19,6621;-43,2389
9417;ilha do ar;-21,3228;-47,002
10347;inhapim;-19,5008;-42,0652
10602;lage;-20,5123;-44,7076
11493;lagoa dos ingleses;-20,2003;-43,9133
11566;machados;-21,6814;-43,1315
9969;moedao;-20,3501;-43,5956
10161;morrinho sul;-22,1477;-46,046
10922;morro da catarina;-20,258;-44,1749
10172;morro são joao;-16,3389;-43,7527
13563;morro vila São Sebastião da bela vista;-22,1644;-45,758
10160;mountain fortress;-20,8649;-46,7594
10445;pedra do indaia, fazenda camarao;-20,2704;-45,1626
9494;pico Ibituruna;-19,3501;-42,0964
10697;pico do machadÃ£o;-22,5907;-45,7848
10698;pico do machadÃ£o;-22,5673;-45,8247
9473;pico do machadão;-22,5778;-45,8062
10170;pico do pontão ;-20,9249;-42,7388
10167;piedade de cima ;-20,9403;-42,8965
9388;piracaiba;-18,448;-48,4361
11444;pirangucu;-22,5503;-45,4825
11216;ramp Dona Marta;-20,0922;-44,1638
11409;rampa das agus;-21,9482;-45,3555
11722;rampa do CANARINHO;-22,2113;-45,8472
11707;rampa do CANARINHO;-22,1966;-45,7861
10484;rampa sao sebastiao do anta;-19,486;-41,9449
11636;sao domingos do prata;-19,8249;-42,9325
11688;sao joao da mata;-21,9286;-45,9282
10870;serra do chapeu;-20,7889;-46,0784
10733;takeoff Cruzeirinho;-20,3124;-42,0005
9427;teste;-19,9797;-44,0218
11991;torre (Bicas city) ;-21,7255;-43,0529

